[{
    "name": "fs.defaultFS",
    "value": "",
    "label": "NameNode地址",
    "description": "NameNode地址",
    "required": true,
    "type": "input",
    "configurableInWizard": true,
    "defaultValue": "hdfs://${fs.defaultFS}",
    "minValue": null,
    "maxValue": null,
    "unit": null,
    "hidden": true,
    "selectValue": null,
    "configType": null
}, {
    "name": "hadoop.tmp.dir",
    "value": "",
    "label": "Hadoop运行时文件存储目录",
    "description": "Hadoop运行时文件存储目录",
    "required": true,
    "type": "input",
    "configurableInWizard": true,
    "defaultValue": "/iflytek/data/tmp/hadoop",
    "minValue": null,
    "maxValue": null,
    "unit": null,
    "hidden": true,
    "selectValue": null,
    "configType": null
}, {
    "name": "hadoop.http.staticuser.user",
    "value": "admin",
    "label": "HDFS网页登录使用静态用户名",
    "description": "配置HDFS网页登录使用的静态用户",
    "required": true,
    "type": "input",
    "configurableInWizard": true,
    "defaultValue": "admin",
    "minValue": null,
    "maxValue": null,
    "unit": null,
    "hidden": false,
    "selectValue": null,
    "configType": null
}, {
    "name": "hadoop.proxyuser.root.hosts",
    "value": "*",
    "label": "允许通过代理访问的主机节点",
    "description": "配置root(超级用户)允许通过代理访问的主机节点",
    "required": true,
    "type": "input",
    "configurableInWizard": true,
    "defaultValue": "*",
    "minValue": null,
    "maxValue": null,
    "unit": null,
    "hidden": false,
    "selectValue": null,
    "configType": null
}, {
    "name": "hadoop.proxyuser.root.groups",
    "value": "*",
    "label": "允许通过代理用户所属组",
    "description": "配置root(超级用户)允许通过代理用户所属组",
    "required": true,
    "type": "input",
    "configurableInWizard": true,
    "defaultValue": "*",
    "minValue": null,
    "maxValue": null,
    "unit": null,
    "hidden": false,
    "selectValue": null,
    "configType": null
}, {
    "name": "dfs.replication",
    "value": "2",
    "label": "BLOCK副本数",
    "description": "配置hdfs副本数量",
    "required": true,
    "type": "input",
    "configurableInWizard": true,
    "defaultValue": "2",
    "minValue": null,
    "maxValue": null,
    "unit": null,
    "hidden": false,
    "selectValue": null,
    "configType": null
}, {
    "name": "dfs.namenode.name.dir",
    "value": ["/iflytek/data/dfs/nn"],
    "label": "NameNode数据存储目录",
    "description": "用于配置NameNode数据存储目录",
    "required": true,
    "type": "multiple",
    "configurableInWizard": true,
    "defaultValue": "",
    "minValue": null,
    "maxValue": null,
    "unit": null,
    "hidden": false,
    "selectValue": null,
    "configType": "path"
}, {
    "name": "dfs.namenode.checkpoint.dir",
    "value": "/iflytek/data/dfs/snn",
    "label": "元数据checkpoint目录",
    "description": "配置元数据checkpoint目录，当namenode故障退出需要重新恢复时，可以从secondary namenode的工作目录中将fsimage拷贝到namenode的工作目录，以恢复namenode的元数据",
    "required": true,
    "type": "input",
    "configurableInWizard": true,
    "defaultValue": "/iflytek/data/dfs/snn",
    "minValue": null,
    "maxValue": null,
    "unit": null,
    "hidden": false,
    "selectValue": null,
    "configType": "path"
}, {
    "name": "dfs.blocksize",
    "value": "268435456",
    "label": "Block大小",
    "description": "用于配置Block大小,可根据磁盘性能进行计算",
    "required": true,
    "type": "input",
    "configurableInWizard": true,
    "defaultValue": "268435456",
    "minValue": null,
    "maxValue": null,
    "unit": null,
    "hidden": false,
    "selectValue": null,
    "configType": null
}, {
    "name": "dfs.namenode.handler.count",
    "value": "268435456",
    "label": "NameNode处理线程池大小",
    "description": "用于配置NameNode处理线程池大小",
    "required": true,
    "type": "slider",
    "configurableInWizard": true,
    "defaultValue": "268435456",
    "minValue": 0,
    "maxValue": 32,
    "unit": null,
    "hidden": false,
    "selectValue": null,
    "configType": null
}, {
    "name": "dfs.datanode.data.dir",
    "value": ["/iflytek/data/dfs/dn"],
    "label": "DataNode数据存储目录",
    "description": "DataNode数据存储目录，可配置多个，按逗号分隔",
    "required": true,
    "type": "multiple",
    "configurableInWizard": true,
    "defaultValue": "",
    "minValue": null,
    "maxValue": null,
    "unit": null,
    "hidden": false,
    "selectValue": null,
    "configType": "path"
}, {
    "name": "hadoop.security.authentication",
    "value": "simple",
    "label": "Hadoop安全认证",
    "description": "Hadoop安全认证",
    "required": true,
    "type": "select",
    "configurableInWizard": true,
    "defaultValue": "simple",
    "minValue": null,
    "maxValue": null,
    "unit": null,
    "hidden": false,
    "selectValue": ["simple", "kerberos"],
    "configType": null
}, {
    "name": "custom.core.site.xml",
    "value": [{
        "": ""
    }],
    "label": "自定义配置core-site.xml",
    "description": "自定义配置",
    "required": false,
    "type": "multipleWithKey",
    "configurableInWizard": true,
    "defaultValue": "",
    "minValue": null,
    "maxValue": null,
    "unit": null,
    "hidden": false,
    "selectValue": null,
    "configType": "custom"
}, {
    "name": "custom.hdfs.site.xml",
    "value": [{
        "": ""
    }],
    "label": "自定义配置hdfs-site.xml",
    "description": "自定义配置",
    "required": false,
    "type": "multipleWithKey",
    "configurableInWizard": true,
    "defaultValue": "",
    "minValue": null,
    "maxValue": null,
    "unit": null,
    "hidden": false,
    "selectValue": null,
    "configType": "custom"
}]