Country Name,Country Code,Series Name,Series Code,y2003,y2004,y2005,y2006,y2007,y2008,y2009,y2010,y2011
Afghanistan,AFG,"Population, total",SP.POP.TOTL,23064851,24118979,25070798,25893450,26616792,27294031,28004331,28803167,29708599
Albania,ALB,"Population, total",SP.POP.TOTL,3039616,3026939,3011487,2992547,2970017,2947314,2927519,2913021,2905195
Algeria,DZA,"Population, total",SP.POP.TOTL,32403514,32831096,33288437,33777915,34300076,34860715,35465760,36117637,36819558
American Samoa,ASM,"Population, total",SP.POP.TOTL,59117,59264,59118,58650,57903,57030,56227,55637,55320
Andorra,AND,"Population, total",SP.POP.TOTL,73182,76244,78867,80991,82683,83861,84462,84449,83751
Angola,AGO,"Population, total",SP.POP.TOTL,18203369,18865716,19552542,20262399,20997687,21759420,22549547,23369131,24218565
Antigua and Barbuda,ATG,"Population, total",SP.POP.TOTL,87293,88257,89253,90301,91381,92478,93581,94661,95719
Arab World,ARB,"Population, total",SP.POP.TOTL,302434519,309162029,316264728,323773264,331653797,339825483,348145094,356508908,364895878
Argentina,ARG,"Population, total",SP.POP.TOTL,38309379,38728696,39145488,39558890,39970224,40382389,40799407,41223889,41656879
Armenia,ARM,"Population, total",SP.POP.TOTL,3017806,3000612,2981259,2958500,2933056,2908220,2888584,2877311,2875581
Aruba,ABW,"Population, total",SP.POP.TOTL,97017,98737,100031,100832,101220,101353,101453,101669,102053
Australia,AUS,"Population, total",SP.POP.TOTL,19895400,20127400,20394800,20697900,20827600,21249200,21691700,22031750,22340024
Austria,AUT,"Population, total",SP.POP.TOTL,8121423,8171966,8227829,8268641,8295487,8321496,8343323,8363404,8391643
Azerbaijan,AZE,"Population, total",SP.POP.TOTL,8234100,8306500,8391850,8484550,8581300,8763400,8947243,9054332,9173082
"Bahamas, The",BHS,"Population, total",SP.POP.TOTL,315746,322526,329249,335830,342328,348676,354856,360832,366568
Bahrain,BHR,"Population, total",SP.POP.TOTL,778711,829848,889168,958414,1035891,1114590,1185029,1240862,1278269
Bangladesh,BGD,"Population, total",SP.POP.TOTL,139019001,141307489,143431101,145368004,147139191,148805814,150454708,152149102,153911916
Barbados,BRB,"Population, total",SP.POP.TOTL,272258,273091,274009,275039,276150,277319,278470,279569,280601
Belarus,BLR,"Population, total",SP.POP.TOTL,9796749,9730146,9663915,9604924,9560953,9527985,9506765,9490583,9473172
Belgium,BEL,"Population, total",SP.POP.TOTL,10376133,10421137,10478617,10547958,10625700,10709973,10796493,10895586,11047744
Belize,BLZ,"Population, total",SP.POP.TOTL,269130,276089,283277,290747,298407,306165,313929,321608,329192
Benin,BEN,"Population, total",SP.POP.TOTL,7520555,7750004,7982225,8216896,8454791,8696916,8944706,9199259,9460802
Bermuda,BMU,"Population, total",SP.POP.TOTL,63325,63740,64154,64523,64888,65273,65636,65124,64564
Bhutan,BTN,"Population, total",SP.POP.TOTL,623434,640282,656639,672228,686958,700950,714458,727641,740510
Bolivia,BOL,"Population, total",SP.POP.TOTL,8810420,8967741,9125409,9283334,9441444,9599855,9758748,9918242,10078343
Bosnia and Herzegovina,BIH,"Population, total",SP.POP.TOTL,3779247,3781287,3781530,3779468,3774000,3763599,3746561,3722084,3688865
Botswana,BWA,"Population, total",SP.POP.TOTL,1804339,1829330,1855852,1884238,1914414,1946351,1979882,2014866,2051339
Brazil,BRA,"Population, total",SP.POP.TOTL,182482149,184738458,186917361,189012412,191026637,192979029,194895996,196796269,198686688
British Virgin Islands,VGB,"Population, total",SP.POP.TOTL,22000,22541,23168,23905,24731,25604,26447,27224,27901
Brunei Darussalam,BRN,"Population, total",SP.POP.TOTL,353389,359523,365158,370250,374864,379252,383772,388662,394013
Bulgaria,BGR,"Population, total",SP.POP.TOTL,7775327,7716860,7658972,7601022,7545338,7492561,7444443,7395599,7348328
Burkina Faso,BFA,"Population, total",SP.POP.TOTL,12654621,13030569,13421930,13829177,14252021,14689726,15141099,15605217,16081904
Burundi,BDI,"Population, total",SP.POP.TOTL,6953113,7182451,7423289,7675338,7939573,8212264,8489031,8766930,9043508
Cabo Verde,CPV,"Population, total",SP.POP.TOTL,460147,467664,474567,480795,486438,491723,496963,502384,508067
Cambodia,KHM,"Population, total",SP.POP.TOTL,12853124,13063377,13270201,13474489,13676693,13880509,14090208,14308740,14537886
Cameroon,CMR,"Population, total",SP.POP.TOTL,16513822,16959081,17420795,17899562,18395389,18907008,19432541,19970495,20520447
Canada,CAN,"Population, total",SP.POP.TOTL,31676000,31995000,32312000,32570505,32887928,33245773,33628571,34005274,34342780
Caribbean small states,CSS,"Population, total",SP.POP.TOTL,6670276,6716373,6761932,6806838,6851221,6895315,6939534,6984096,7029022
Cayman Islands,CYM,"Population, total",SP.POP.TOTL,46028,47299,48622,50031,51483,52926,54279,55507,56579
Central African Republic,CAF,"Population, total",SP.POP.TOTL,3981665,4055036,4127910,4201758,4275800,4345386,4404230,4448525,4476153
Central Europe and the Baltics,CEB,"Population, total",SP.POP.TOTL,106760768,106466116,106173766,105901322,105504531,105126686,104924372,104543801,104174038
Chad,TCD,"Population, total",SP.POP.TOTL,9353201,9710043,10067009,10421597,10775708,11133861,11502786,11887202,12288651
Channel Islands,CHI,"Population, total",SP.POP.TOTL,152038,153170,154294,155411,156513,157581,158603,159581,160497
Chile,CHL,"Population, total",SP.POP.TOTL,15799542,15973778,16147064,16319792,16491687,16661942,16829442,16993354,17153357
China,CHN,"Population, total",SP.POP.TOTL,1288400000,1296075000,1303720000,1311020000,1317885000,1324655000,1331260000,1337705000,1344130000
Colombia,COL,"Population, total",SP.POP.TOTL,42152151,42724163,43285634,43835722,44374572,44901544,45416181,45918097,46406646
Comoros,COM,"Population, total",SP.POP.TOTL,583211,597228,611627,626425,641620,657229,673252,689692,706569
"Congo, Dem. Rep.",COD,"Population, total",SP.POP.TOTL,51390033,53034217,54751476,56543011,58417562,60373608,62409435,64523263,66713597
"Congo, Rep.",COG,"Population, total",SP.POP.TOTL,3502519,3605439,3718243,3842365,3976246,4115435,4253712,4386693,4512730
Costa Rica,CRI,"Population, total",SP.POP.TOTL,4125971,4187038,4247841,4308794,4369469,4429508,4488263,4545280,4600474
Cote d'Ivoire,CIV,"Population, total",SP.POP.TOTL,17679355,17997738,18336303,18699435,19085941,19497986,19936366,20401331,20895311
Croatia,HRV,"Population, total",SP.POP.TOTL,4440000,4439000,4442000,4440000,4436000,4434508,4429078,4417781,4280622
Cuba,CUB,"Population, total",SP.POP.TOTL,11244885,11266941,11284253,11296233,11303687,11309754,11318602,11333051,11354651
Curacao,CUW,"Population, total",SP.POP.TOTL,131897,134192,137658,141239,144056,145880,146833,148703,150831
Cyprus,CYP,"Population, total",SP.POP.TOTL,993563,1010410,1027658,1045509,1063712,1081563,1098076,1112607,1124835
Czech Republic,CZE,"Population, total",SP.POP.TOTL,10193998,10197101,10211216,10238905,10298828,10384603,10443936,10474410,10496088
Denmark,DNK,"Population, total",SP.POP.TOTL,5390574,5404523,5419432,5437272,5461438,5493621,5523095,5547683,5570572
Djibouti,DJI,"Population, total",SP.POP.TOTL,758615,770752,783254,796208,809402,822934,836840,851146,865937
Dominica,DMA,"Population, total",SP.POP.TOTL,70093,70379,70627,70807,70950,71074,71229,71440,71718
Dominican Republic,DOM,"Population, total",SP.POP.TOTL,8967760,9102998,9237566,9371338,9504353,9636520,9767758,9897985,10027095
Early-demographic dividend,EAR,"Population, total",SP.POP.TOTL,2603838624.89893,2647027405.99137,2690316623.24397,2733734510.48499,2777285768.99093,2820959886.29553,2864730145.1102,2908808244.36223,2952873719.35782
East Asia & Pacific,EAS,"Population, total",SP.POP.TOTL,2097265008,2113465324,2129445086,2145245494,2160431752,2175832008,2190811045,2205614879,2220357890
East Asia & Pacific (excluding high income),EAP,"Population, total",SP.POP.TOTL,1862791918,1878255588,1893574455,1908392032,1922657606,1936774935,1950768124,1964691596,1978727582
East Asia & Pacific (IDA & IBRD countries),TEA,"Population, total",SP.POP.TOTL,1839213961,1854486630,1869631076,1884292297,1898416530,1912402987,1926269218,1940064830,1953970563
Ecuador,ECU,"Population, total",SP.POP.TOTL,13289601,13509647,13735233,13967480,14205453,14447562,14691275,14934690,15177355
"Egypt, Arab Rep.",EGY,"Population, total",SP.POP.TOTL,73981942,75381899,76778149,78159048,79537253,80953881,82465022,84107606,85897561
El Salvador,SLV,"Population, total",SP.POP.TOTL,5971535,6000775,6028961,6056478,6083475,6110301,6137276,6164626,6192560
Equatorial Guinea,GNQ,"Population, total",SP.POP.TOTL,694611,724817,757317,792217,829327,868418,909111,951104,994290
Eritrea,ERI,"Population, total",SP.POP.TOTL,3738265,3858623,3969007,4066648,4153332,4232636,4310334,4390840,4474690
Estonia,EST,"Population, total",SP.POP.TOTL,1370720,1362550,1354775,1346810,1340680,1337090,1334515,1331475,1327439
Ethiopia,ETH,"Population, total",SP.POP.TOTL,72545144,74624405,76727083,78850689,81000409,83184892,85416253,87702670,90046756
Euro area,EMU,"Population, total",SP.POP.TOTL,325885962,327682509,329380418,330922786,332645168,334274731,335360887,336151479,335425831
Europe & Central Asia,ECS,"Population, total",SP.POP.TOTL,867457662,870030758,872661621,875343230,878465992,881965816,885591693,889016221,891094964
Europe & Central Asia (excluding high income),ECA,"Population, total",SP.POP.TOTL,396720391,397064999,397469492,398011334,398693705,399739094,401472949,403470694,405521953
Europe & Central Asia (IDA & IBRD countries),TEC,"Population, total",SP.POP.TOTL,434924961,435247221,435634937,436152601,436814265,437864853,439624552,441513488,443585208
European Union,EUU,"Population, total",SP.POP.TOTL,492200115,494162545,496115011,497973707,499916649,501808478,503317964,504421131,504012082
Faroe Islands,FRO,"Population, total",SP.POP.TOTL,47974,48143,48285,48383,48448,48485,48517,48550,48608
Fiji,FJI,"Population, total",SP.POP.TOTL,816628,818354,821817,827411,834812,843340,851967,859950,867086
Finland,FIN,"Population, total",SP.POP.TOTL,5213014,5228172,5246096,5266268,5288720,5313399,5338871,5363352,5388272
Fragile and conflict affected situations,FCS,"Population, total",SP.POP.TOTL,368514375,378123879,387862311,397732436,407747286,417919663,428246870,438737943,449398455
France,FRA,"Population, total",SP.POP.TOTL,62244884,62704897,63179356,63621376,64016229,64374990,64707044,65027512,65342776
French Polynesia,PYF,"Population, total",SP.POP.TOTL,248499,251775,254886,257832,260594,263179,265581,267820,269843
Gabon,GAB,"Population, total",SP.POP.TOTL,1328146,1364205,1403126,1444844,1489193,1536411,1586754,1640210,1697101
"Gambia, The",GMB,"Population, total",SP.POP.TOTL,1354194,1398573,1444204,1491021,1539116,1588572,1639560,1692149,1746363
Georgia,GEO,"Population, total",SP.POP.TOTL,4301000,4245000,4190000,4136000,4082000,4030000,3978000,3926000,3875000
Germany,DEU,"Population, total",SP.POP.TOTL,82534176,82516260,82469422,82376451,82266372,82110097,81902307,81776930,80274983
Ghana,GHA,"Population, total",SP.POP.TOTL,20446782,20986536,21542009,22113425,22700212,23298640,23903831,24512104,25121796
Gibraltar,GIB,"Population, total",SP.POP.TOTL,31720,31896,32085,32296,32510,32732,32956,33189,33405
Greece,GRC,"Population, total",SP.POP.TOTL,10928070,10955141,10987314,11020362,11048473,11077841,11107017,11121341,11104899
Greenland,GRL,"Population, total",SP.POP.TOTL,56765,56911,56935,56774,56555,56328,56323,56905,56890
Grenada,GRD,"Population, total",SP.POP.TOTL,102375,102656,102949,103259,103586,103930,104296,104677,105075
Guam,GUM,"Population, total",SP.POP.TOTL,157714,158099,158402,158648,158855,159035,159231,159444,159678
Guatemala,GTM,"Population, total",SP.POP.TOTL,12500478,12796925,13096028,13397008,13700286,14006366,14316208,14630417,14948919
Guinea,GIN,"Population, total",SP.POP.TOTL,9309848,9490229,9679745,9881428,10096727,10323142,10556524,10794170,11035170
Guinea-Bissau,GNB,"Population, total",SP.POP.TOTL,1321202,1350345,1380838,1412669,1445958,1480841,1517448,1555880,1596154
Guyana,GUY,"Population, total",SP.POP.TOTL,751857,751652,750946,749601,747869,746314,745693,746556,749100
Haiti,HTI,"Population, total",SP.POP.TOTL,8976552,9119178,9263404,9409457,9556889,9705029,9852870,9999617,10145054
Heavily indebted poor countries (HIPC),HPC,"Population, total",SP.POP.TOTL,517352559,532385197,547744433,563415107,579434057,595849807,612731524,630127436,648053253
High income,HIC,"Population, total",SP.POP.TOTL,1091996228,1099536199,1107240168,1115520890,1124299890,1133634254,1141985286,1149511694,1154998991
Honduras,HND,"Population, total",SP.POP.TOTL,7033821,7204153,7373430,7541406,7707972,7872658,8035021,8194778,8351600
"Hong Kong SAR, China",HKG,"Population, total",SP.POP.TOTL,6730800,6783500,6813200,6857100,6916300,6957800,6972800,7024200,7071600
Hungary,HUN,"Population, total",SP.POP.TOTL,10129552,10107146,10087065,10071370,10055780,10038188,10022650,10000023,9971727
IBRD only,IBD,"Population, total",SP.POP.TOTL,4118095710.89893,4162639288.99137,4207162999.24397,4251352513.48499,4295109673.99093,4339073871.29553,4383580939.1102,4427798045.36223,4472295862.35782
Iceland,ISL,"Population, total",SP.POP.TOTL,289521,292074,296734,303782,311566,317414,318499,318041,319014
IDA & IBRD total,IBT,"Population, total",SP.POP.TOTL,5285116715.89893,5357527607.99137,5430388379.24397,5503417422.48499,5576571342.99093,5650516692.29553,5725606720.1102,5801348625.36223,5877978113.35782
IDA blend,IDB,"Population, total",SP.POP.TOTL,385980348,394625729,403526930,412705870,422204235,432032769,442179341,452947421,463997812
IDA only,IDX,"Population, total",SP.POP.TOTL,781040657,800262590,819698450,839359039,859257434,879410052,899846440,920603159,941684439
IDA total,IDA,"Population, total",SP.POP.TOTL,1167021005,1194888319,1223225380,1252064909,1281461669,1311442821,1342025781,1373550580,1405682251
India,IND,"Population, total",SP.POP.TOTL,1108027848,1126135777,1144118674,1161977719,1179681239,1197146906,1214270132,1230980691,1247236029
Indonesia,IDN,"Population, total",SP.POP.TOTL,220545214,223614649,226712730,229838202,232989141,236159276,239340478,242524123,245707511
"Iran, Islamic Rep.",IRN,"Population, total",SP.POP.TOTL,68812713,69617100,70421811,71227880,72031103,72845542,73687565,74567511,75491582
Iraq,IRQ,"Population, total",SP.POP.TOTL,25627626,26316609,27008426,27697912,28390433,29111417,29894652,30762701,31727053
Ireland,IRL,"Population, total",SP.POP.TOTL,3996521,4070262,4159914,4273591,4398942,4489544,4535375,4560155,4576794
Isle of Man,IMN,"Population, total",SP.POP.TOTL,74587,75341,76118,76914,77727,78534,79325,80072,80759
Israel,ISR,"Population, total",SP.POP.TOTL,6689700,6809000,6930100,7053700,7180100,7308800,7485600,7623600,7765800
Italy,ITA,"Population, total",SP.POP.TOTL,57313203,57685327,57969484,58143979,58438310,58826731,59095365,59277417,59379449
Jamaica,JAM,"Population, total",SP.POP.TOTL,2712511,2728777,2744673,2760279,2775467,2790122,2804082,2817210,2829493
Japan,JPN,"Population, total",SP.POP.TOTL,127718000,127761000,127773000,127854000,128001000,128063000,128047000,128070000,127833000
Jordan,JOR,"Population, total",SP.POP.TOTL,5396774,5535595,5714111,5934232,6193191,6489822,6821116,7182390,7574943
Kazakhstan,KAZ,"Population, total",SP.POP.TOTL,14909018,15012985,15147029,15308084,15484192,15674000,16092701,16321581,16556600
Kenya,KEN,"Population, total",SP.POP.TOTL,34130852,35074931,36048288,37052050,38085909,39148416,40237204,41350152,42486839
Kiribati,KIR,"Population, total",SP.POP.TOTL,88895,90542,92325,94260,96311,98440,100568,102652,104656
"Korea, Dem. Peopleâ€™s Rep.",PRK,"Population, total",SP.POP.TOTL,23538540,23729498,23904167,24061097,24203289,24335146,24463021,24591599,24722298
"Korea, Rep.",KOR,"Population, total",SP.POP.TOTL,47892330,48082519,48184561,48438292,48683638,49054708,49307835,49554112,49936638
Kosovo,XKX,"Population, total",SP.POP.TOTL,1703466,1704622,1705780,1719536,1733404,1747383,1761474,1775680,1791000
Kuwait,KWT,"Population, total",SP.POP.TOTL,2169118,2207939,2276623,2377258,2503410,2652340,2818939,2998083,3191051
Kyrgyz Republic,KGZ,"Population, total",SP.POP.TOTL,5043300,5104700,5162600,5218400,5268400,5318700,5383300,5447900,5514600
Lao PDR,LAO,"Population, total",SP.POP.TOTL,5579656,5664605,5754026,5849356,5949787,6052190,6152036,6246274,6333487
Late-demographic dividend,LTE,"Population, total",SP.POP.TOTL,2087062173,2100672286,2114381754,2127904635,2141092280,2154444388,2168123627,2181250143,2194503254
Latin America & Caribbean,LCN,"Population, total",SP.POP.TOTL,546480559,553565401,560677294,567825874,574999132,582185012,589352524,596477846,603534610
Latin America & Caribbean (excluding high income),LAC,"Population, total",SP.POP.TOTL,521033040,527919692,534836570,541798268,548789887,555795034,562785589,569737872,576648286
Latin America & the Caribbean (IDA & IBRD countries),TLA,"Population, total",SP.POP.TOTL,530331985,537377388,544459791,551595525,558768052,565956228,573125269,580246796,587315129
Latvia,LVA,"Population, total",SP.POP.TOTL,2287955,2263122,2238799,2218357,2200325,2177322,2141669,2097555,2059709
Least developed countries: UN classification,LDC,"Population, total",SP.POP.TOTL,717572892,735796583,754118072,772488966,790978141,809730997,828953320,848791962,869298106
Lebanon,LBN,"Population, total",SP.POP.TOTL,3701464,3863267,3986852,4057350,4086466,4111047,4183156,4337141,4588368
Lesotho,LSO,"Population, total",SP.POP.TOTL,1918097,1933728,1949543,1965662,1982287,1999930,2019209,2040551,2064166
Liberia,LBR,"Population, total",SP.POP.TOTL,3116233,3176414,3261230,3375838,3512932,3662993,3811528,3948125,4070167
Libya,LBY,"Population, total",SP.POP.TOTL,5615952,5704759,5792688,5881435,5970362,6053078,6121053,6169140,6193501
Liechtenstein,LIE,"Population, total",SP.POP.TOTL,34321,34596,34852,35095,35322,35541,35766,36003,36264
Lithuania,LTU,"Population, total",SP.POP.TOTL,3415213,3377075,3322528,3269909,3231294,3198231,3162916,3097282,3028115
Low & middle income,LMY,"Population, total",SP.POP.TOTL,5264263345.89893,5336810798.99137,5409780630.24397,5482900367.48499,5556123156.99093,5630111419.29553,5705229263.1102,5781145005.36223,5857844644.35782
Low income,LIC,"Population, total",SP.POP.TOTL,462034389,475094388,488440913,502059411,515977457,530237548,544900284,560007444,575572515
Lower middle income,LMC,"Population, total",SP.POP.TOTL,2461865840,2503542524,2545319773,2587214235,2629277748,2671499214,2713862748,2756602745,2799383507
Luxembourg,LUX,"Population, total",SP.POP.TOTL,451630,458095,465158,472637,479993,488650,497783,506953,518347
"Macao SAR, China",MAC,"Population, total",SP.POP.TOTL,460147,471453,482559,493320,503823,514348,525313,536969,549439
"Macedonia, FYR",MKD,"Population, total",SP.POP.TOTL,2053426,2057047,2060272,2063145,2065458,2067378,2069093,2070739,2072383
Madagascar,MDG,"Population, total",SP.POP.TOTL,17279141,17802997,18336724,18880268,19433523,19996469,20569121,21151640,21743949
Malawi,MWI,"Population, total",SP.POP.TOTL,12336687,12676038,13039711,13429262,13840969,14271234,14714602,15167095,15627618
Malaysia,MYS,"Population, total",SP.POP.TOTL,24688703,25174109,25659393,26143566,26625845,27111069,27605383,28112289,28635128
Maldives,MDV,"Population, total",SP.POP.TOTL,304000,312000,321000,333000,349000,362000,360000,367000,377000
Mali,MLI,"Population, total",SP.POP.TOTL,12005128,12391906,12798763,13227064,13675606,14138216,14606597,15075085,15540989
Malta,MLT,"Population, total",SP.POP.TOTL,398582,401268,403834,405308,406724,409379,412477,414508,416268
Marshall Islands,MHL,"Population, total",SP.POP.TOTL,52116,52074,52055,52078,52137,52218,52320,52425,52542
Mauritania,MRT,"Population, total",SP.POP.TOTL,2957117,3042823,3130720,3220653,3312665,3407541,3506288,3609543,3717672
Mauritius,MUS,"Population, total",SP.POP.TOTL,1213370,1221003,1228254,1233996,1239630,1244121,1247429,1250400,1252404
Mexico,MEX,"Population, total",SP.POP.TOTL,105640453,106995583,108472228,110092378,111836346,113661809,115505228,117318941,119090017
"Micronesia, Fed. Sts.",FSM,"Population, total",SP.POP.TOTL,106816,106577,106196,105684,105078,104478,103960,103616,103468
Middle East & North Africa,MEA,"Population, total",SP.POP.TOTL,335522845,342046777,348956287,356287693,363996317,371999662,380192587,388376106,396573248
Middle East & North Africa (excluding high income),MNA,"Population, total",SP.POP.TOTL,296114536,301278295,306595214,312079307,317721161,323531149,329488935,335581557,341822043
Middle East & North Africa (IDA & IBRD countries),TMN,"Population, total",SP.POP.TOTL,292959567,298041669,303274818,308672973,314226665,319934461,325786717,331770455,337894992
Middle income,MIC,"Population, total",SP.POP.TOTL,4802228956.89893,4861716410.99137,4921339717.24397,4980840956.48499,5040145699.99093,5099873871.29553,5160328979.1102,5221137561.36223,5282272129.35782
Moldova,MDA,"Population, total",SP.POP.TOTL,3612874,3603945,3595187,3585209,3576910,3570108,3565604,3562045,3559986
Monaco,MCO,"Population, total",SP.POP.TOTL,32933,33314,33793,34408,35111,35853,36534,37094,37497
Mongolia,MNG,"Population, total",SP.POP.TOTL,2469286,2496832,2526446,2558012,2591670,2628131,2668289,2712650,2761516
Montenegro,MNE,"Population, total",SP.POP.TOTL,612267,613353,614261,615025,615875,616969,618294,619428,620079
Morocco,MAR,"Population, total",SP.POP.TOTL,29843937,30179285,30521070,30869346,31225881,31596855,31989897,32409639,32858823
Mozambique,MOZ,"Population, total",SP.POP.TOTL,19716598,20312705,20923070,21547463,22188387,22846758,23524063,24221405,24939005
Myanmar,MMR,"Population, total",SP.POP.TOTL,47624894,48073707,48482614,48846474,49171586,49479752,49800690,50155896,50553031
Namibia,NAM,"Population, total",SP.POP.TOTL,1986535,2009228,2032196,2055734,2079915,2106375,2137040,2173170,2215621
Nauru,NRU,"Population, total",SP.POP.TOTL,10096,10113,10115,10101,10075,10047,10028,10025,10057
Nepal,NPL,"Population, total",SP.POP.TOTL,24950623,25309449,25640287,25940618,26214847,26475859,26741103,27023137,27327147
Netherlands,NLD,"Population, total",SP.POP.TOTL,16225302,16281779,16319868,16346101,16381696,16445593,16530388,16615394,16693074
New Caledonia,NCL,"Population, total",SP.POP.TOTL,225000,228000,231000,235000,238000,242000,245000,250000,254000
New Zealand,NZL,"Population, total",SP.POP.TOTL,4027200,4087500,4133900,4184600,4223800,4259800,4302600,4350700,4384000
Nicaragua,NIC,"Population, total",SP.POP.TOTL,5240879,5309703,5379328,5450211,5522106,5594506,5666581,5737723,5807820
Niger,NER,"Population, total",SP.POP.TOTL,12656870,13127012,13618449,14132064,14668338,15228525,15813913,16425578,17064636
Nigeria,NGA,"Population, total",SP.POP.TOTL,131972533,135393616,138939478,142614094,146417024,150347390,154402181,158578261,162877076
North America,NAC,"Population, total",SP.POP.TOTL,321847258,324864038,327892753,331014940,334184023,337405012,340465736,343418591,346070702
Northern Mariana Islands,MNP,"Population, total",SP.POP.TOTL,67422,65663,63744,61688,59513,57431,55674,54424,53786
Norway,NOR,"Population, total",SP.POP.TOTL,4564855,4591910,4623291,4660677,4709153,4768212,4828726,4889252,4953088
Not classified,INX,"Population, total",SP.POP.TOTL,..,..,..,..,..,..,..,..,..
OECD members,OED,"Population, total",SP.POP.TOTL,1181328842,1189684726,1198065132,1206821076,1215883022,1225426692,1234203233,1242391523,1248769315
Oman,OMN,"Population, total",SP.POP.TOTL,2385255,2444751,2511269,2582991,2662762,2759014,2882942,3041460,3237268
Other small states,OSS,"Population, total",SP.POP.TOTL,22143131,22602097,23114953,23687194,24313721,24972681,25620918,26269542,26902018
Pacific island small states,PSS,"Population, total",SP.POP.TOTL,2027202,2049012,2072666,2098522,2126308,2155439,2184920,2214096,2242763
Pakistan,PAK,"Population, total",SP.POP.TOTL,147703401,150780300,153909667,157093993,160332974,163644603,167049580,170560182,174184265
Palau,PLW,"Population, total",SP.POP.TOTL,19700,19804,19906,20012,20116,20228,20342,20470,20599
Panama,PAN,"Population, total",SP.POP.TOTL,3209174,3269541,3330465,3391905,3453807,3516268,3579385,3643222,3707782
Papua New Guinea,PNG,"Population, total",SP.POP.TOTL,6010724,6161517,6314709,6470272,6627922,6787187,6947447,7108239,7269348
Paraguay,PRY,"Population, total",SP.POP.TOTL,5607950,5703740,5795494,5882796,5966159,6047117,6127837,6209877,6293783
Peru,PER,"Population, total",SP.POP.TOTL,26937738,27273194,27610410,27949944,28292724,28641980,29001507,29373646,29759989
Philippines,PHL,"Population, total",SP.POP.TOTL,83031954,84678493,86274237,87809419,89293490,90751864,92220879,93726624,95277940
Poland,POL,"Population, total",SP.POP.TOTL,38204570,38182222,38165445,38141267,38120560,38125759,38151603,38042794,38063255
Portugal,PRT,"Population, total",SP.POP.TOTL,10458821,10483861,10503330,10522288,10542964,10558177,10568247,10573100,10557560
Post-demographic dividend,PST,"Population, total",SP.POP.TOTL,1035918960,1041303142,1046610825,1052236679,1058174512,1064603305,1070107590,1075140985,1078083259
Pre-demographic dividend,PRE,"Population, total",SP.POP.TOTL,603809871,621611464,639876871,658586521,677788806,697549138,717959651,739082260,760942116
Puerto Rico,PRI,"Population, total",SP.POP.TOTL,3826095,3826878,3821362,3805214,3782995,3760866,3740410,3721525,3678732
Qatar,QAT,"Population, total",SP.POP.TOTL,688586,758855,864863,1010382,1189633,1389342,1590780,1779676,1952054
Romania,ROU,"Population, total",SP.POP.TOTL,21574326,21451748,21319685,21193760,20882982,20537875,20367487,20246871,20147528
Russian Federation,RUS,"Population, total",SP.POP.TOTL,144648257,144067054,143518523,143049528,142805088,142742350,142785342,142849449,142960868
Rwanda,RWA,"Population, total",SP.POP.TOTL,8680346,8818438,8991735,9206580,9447402,9708169,9977446,10246842,10516071
Samoa,WSM,"Population, total",SP.POP.TOTL,177662,178781,179929,181094,182286,183526,184826,186205,187665
San Marino,SMR,"Population, total",SP.POP.TOTL,28494,28866,29240,29614,29977,30351,30723,31110,31504
Sao Tome and Principe,STP,"Population, total",SP.POP.TOTL,148372,151969,155630,159328,163101,166913,170813,174776,178800
Saudi Arabia,SAU,"Population, total",SP.POP.TOTL,22556425,23228890,23905654,24578301,25252569,25940770,26661492,27425676,28238020
Senegal,SEN,"Population, total",SP.POP.TOTL,10670990,10955944,11251266,11556763,11873557,12203957,12550917,12916229,13300910
Serbia,SRB,"Population, total",SP.POP.TOTL,7480591,7463157,7440769,7411569,7381579,7350222,7320807,7291436,7234099
Seychelles,SYC,"Population, total",SP.POP.TOTL,82781,82475,82858,84600,85033,86956,87298,89770,87441
Sierra Leone,SLE,"Population, total",SP.POP.TOTL,5199549,5439695,5658379,5848692,6015417,6165372,6310260,6458720,6611692
Singapore,SGP,"Population, total",SP.POP.TOTL,4114826,4166664,4265762,4401365,4588599,4839396,4987573,5076732,5183688
Sint Maarten (Dutch part),SXM,"Population, total",SP.POP.TOTL,33790,35316,36934,38270,39462,40458,39133,35474,33435
Slovak Republic,SVK,"Population, total",SP.POP.TOTL,5373374,5372280,5372807,5373054,5374622,5379233,5386406,5391428,5398384
Slovenia,SVN,"Population, total",SP.POP.TOTL,1995733,1997012,2000474,2006868,2018122,2021316,2039669,2048583,2052843
Small states,SST,"Population, total",SP.POP.TOTL,30840609,31367482,31949551,32592554,33291250,34023435,34745372,35467734,36173803
Solomon Islands,SLB,"Population, total",SP.POP.TOTL,446769,458324,469885,481422,492940,504477,516079,527790,539614
Somalia,SOM,"Population, total",SP.POP.TOTL,9836397,10116228,10409925,10718317,11038596,11369276,11707990,12053223,12404725
South Africa,ZAF,"Population, total",SP.POP.TOTL,46418193.8989267,47001700.9913724,47606670.2439658,48233804.4849866,48883844.9909288,49557573.2955342,50255813.1102008,50979432.3622277,51729345.3578159
South Asia,SAS,"Population, total",SP.POP.TOTL,1462776158,1487832276,1512521166,1536799012,1560689001,1584247163,1607562312,1630729920,1653756466
South Asia (IDA & IBRD),TSA,"Population, total",SP.POP.TOTL,1462776158,1487832276,1512521166,1536799012,1560689001,1584247163,1607562312,1630729920,1653756466
South Sudan,SSD,"Population, total",SP.POP.TOTL,7501642,7787655,8108877,8468152,8856800,9263136,9670667,10067192,10448857
Spain,ESP,"Population, total",SP.POP.TOTL,42187645,42921895,43653155,44397319,45226803,45954106,46362946,46576897,46742697
Sri Lanka,LKA,"Population, total",SP.POP.TOTL,19083000,19228000,19373000,19520000,19668000,19817000,19968000,20119000,20271000
St. Kitts and Nevis,KNA,"Population, total",SP.POP.TOTL,47306,47971,48611,49210,49783,50332,50886,51445,52006
St. Lucia,LCA,"Population, total",SP.POP.TOTL,160973,162251,163714,165407,167288,169220,171022,172580,173832
St. Martin (French part),MAF,"Population, total",SP.POP.TOTL,27363,27514,27906,28414,28905,29376,29820,30235,30615
St. Vincent and the Grenadines,VCT,"Population, total",SP.POP.TOTL,108350,108559,108744,108907,109047,109165,109253,109315,109341
Sub-Saharan Africa,SSF,"Population, total",SP.POP.TOTL,724910083.898927,744542423.991372,764866591.243966,785905014.484987,807656829.990929,830111000.295534,853238652.110201,877023136.362228,901455755.357816
Sub-Saharan Africa (excluding high income),SSA,"Population, total",SP.POP.TOTL,724827302.898927,744459948.991372,764783733.243966,785820414.484987,807571796.990929,830024044.295534,853151354.110201,876933366.362228,901368314.357816
Sub-Saharan Africa (IDA & IBRD countries),TSS,"Population, total",SP.POP.TOTL,724910083.898927,744542423.991372,764866591.243966,785905014.484987,807656829.990929,830111000.295534,853238652.110201,877023136.362228,901455755.357816
Sudan,SDN,"Population, total",SP.POP.TOTL,29435944,30186341,30911914,31607064,32282526,32955496,33650619,34385963,35167314
Suriname,SUR,"Population, total",SP.POP.TOTL,488332,493630,498946,504307,509705,515148,520619,526103,531589
Swaziland,SWZ,"Population, total",SP.POP.TOTL,1087392,1095053,1105873,1120514,1138434,1158897,1180675,1202843,1225258
Sweden,SWE,"Population, total",SP.POP.TOTL,8958229,8993531,9029572,9080505,9148092,9219637,9298515,9378126,9449213
Switzerland,CHE,"Population, total",SP.POP.TOTL,7339001,7389625,7437115,7483934,7551117,7647675,7743831,7824909,7912398
Syrian Arab Republic,SYR,"Population, total",SP.POP.TOTL,17415266,17806638,18294611,18914977,19632806,20325443,20824893,21018834,20863993
Tajikistan,TJK,"Population, total",SP.POP.TOTL,6576877,6712841,6854176,7000557,7152385,7309728,7472819,7641630,7815949
Tanzania,TZA,"Population, total",SP.POP.TOTL,37149072,38249984,39410545,40634948,41923715,43270144,44664231,46098591,47570902
Thailand,THA,"Population, total",SP.POP.TOTL,64554952,65002231,65425470,65824164,66195615,66545760,66881867,67208808,67530130
Timor-Leste,TLS,"Population, total",SP.POP.TOTL,960852,996698,1026484,1048621,1064973,1078110,1092021,1109591,1131523
Togo,TGO,"Population, total",SP.POP.TOTL,5391401,5534598,5683268,5837792,5997385,6161796,6330472,6502952,6679282
Tonga,TON,"Population, total",SP.POP.TOTL,99789,100406,101041,101689,102357,103005,103604,104137,104577
Trinidad and Tobago,TTO,"Population, total",SP.POP.TOTL,1284052,1290535,1296934,1303144,1309260,1315372,1321618,1328100,1334788
Tunisia,TUN,"Population, total",SP.POP.TOTL,9939678,10017601,10102482,10196136,10298087,10407336,10521834,10639931,10761467
Turkey,TUR,"Population, total",SP.POP.TOTL,66085803,67007855,67903406,68763405,69597281,70440032,71339185,72326914,73409455
Turkmenistan,TKM,"Population, total",SP.POP.TOTL,4655741,4703398,4754641,4810105,4870137,4935762,5007950,5087210,5174061
Turks and Caicos Islands,TCA,"Population, total",SP.POP.TOTL,23410,25028,26448,27642,28640,29481,30245,30994,31731
Tuvalu,TUV,"Population, total",SP.POP.TOTL,9767,9894,10027,10137,10243,10340,10441,10531,10628
Uganda,UGA,"Population, total",SP.POP.TOTL,26624820,27568436,28543940,29550662,30590487,31663896,32771895,33915133,35093648
Ukraine,UKR,"Population, total",SP.POP.TOTL,47812950,47451600,47105150,46787750,46509350,46258200,46053300,45870700,45706100
United Arab Emirates,ARE,"Population, total",SP.POP.TOTL,3741932,4087931,4579562,5242032,6044067,6894278,7666393,8270684,8672475
United Kingdom,GBR,"Population, total",SP.POP.TOTL,59647577,59987905,60401206,60846820,61322463,61806995,62276270,62766365,63258918
United States,USA,"Population, total",SP.POP.TOTL,290107933,292805298,295516599,298379912,301231207,304093966,306771529,309348193,311663358
Upper middle income,UMC,"Population, total",SP.POP.TOTL,2340363116.89893,2358173886.99137,2376019944.24397,2393626721.48499,2410867951.99093,2428374657.29553,2446466231.1102,2464534816.36223,2482888622.35782
Uruguay,URY,"Population, total",SP.POP.TOTL,3325637,3324096,3325612,3331043,3339741,3350824,3362755,3374415,3385624
Uzbekistan,UZB,"Population, total",SP.POP.TOTL,25567650,25864350,26167000,26488250,26868000,27302800,27767400,28562400,29339400
Vanuatu,VUT,"Population, total",SP.POP.TOTL,198964,204143,209370,214634,219953,225340,230785,236295,241871
"Venezuela, RB",VEN,"Population, total",SP.POP.TOTL,25868523,26327225,26784161,27239168,27691965,28141701,28587323,29028033,29463291
Vietnam,VNM,"Population, total",SP.POP.TOTL,80467400,81436400,82392100,83311200,84218500,85118700,86025000,86932500,87860300
Virgin Islands (U.S.),VIR,"Population, total",SP.POP.TOTL,108085,107950,107863,107700,107423,107091,106707,106267,105784
West Bank and Gaza,PSE,"Population, total",SP.POP.TOTL,3154969,3236626,3320396,3406334,3494496,3596688,3702218,3811102,3927051
World,WLD,"Population, total",SP.POP.TOTL,6356259573.89893,6436346997.99137,6517020798.24397,6598421257.48499,6680423046.99093,6763745673.29553,6847214549.1102,6930656699.36223,7012843635.35782
"Yemen, Rep.",YEM,"Population, total",SP.POP.TOTL,19462086,20017068,20582927,21160534,21751605,22356391,22974929,23606779,24252206
Zambia,ZMB,"Population, total",SP.POP.TOTL,11421984,11731746,12052156,12383446,12725974,13082517,13456417,13850033,14264756
Zimbabwe,ZWE,"Population, total",SP.POP.TOTL,12633897,12777511,12940032,13124267,13329909,13558469,13810599,14086317,14386649
,,,,,,,,,,,,
,,,,,,,,,,,,
,,,,,,,,,,,,
Data from database: World Development Indicators,,,,,,,,,,,,
Last Updated: 10/18/2017,,,,,,,,,,,,
