{
  "id": "",
  "name": "",
  "font_family": "iconfont",
  "css_prefix_text": "icon-",
  "description": "",
  "glyphs": [
    {
      "icon_id": "952",
      "name": "云上传",
      "font_class": "yunshangchuan",
      "unicode": "f0020",
      "unicode_decimal": 983072
    },
    {
      "icon_id": "1118",
      "name": "文件",
      "font_class": "wenjian",
      "unicode": "f00bd",
      "unicode_decimal": 983229
    },
    {
      "icon_id": "3900375",
      "name": "目标",
      "font_class": "shangwutubiao-",
      "unicode": "e640",
      "unicode_decimal": 58944
    },
    {
      "icon_id": "6627751",
      "name": "研究著录",
      "font_class": "yanjiuzhulu",
      "unicode": "e622",
      "unicode_decimal": 58914
    },
    {
      "icon_id": "11409115",
      "name": "主页",
      "font_class": "zhuye",
      "unicode": "e607",
      "unicode_decimal": 58887
    }
  ]
}
